{"cameraMode":{"drawMode":0,"name":"Shaded","section":"Shading Mode"},"sceneLighting":true,"audioPlay":false,"sceneViewState":{"showFog":false,"showMaterialUpdate":false,"showSkybox":false,"showFlares":false,"showImageEffects":false,"showParticleSystems":false},"in2DMode":false,"pivot":{"x":1.7006230354309083,"y":3.351594924926758,"z":2.0445687770843508},"rotation":{"x":0.2758893072605133,"y":0.384858638048172,"z":-0.1217162236571312,"w":0.8723382949829102},"size":29.938961029052736,"orthographic":false}